default,size,leverage,roa,age,lnage,industry,ownership
0,9.3941,0.6435,0.0076,1.0,0.0,real_estate,state
1,7.7511,0.6962,0.0323,4.0,1.3863,manufacturing,private
0,9.6658,0.3453,0.0136,9.0,2.1972,tech,state
0,11.2415,0.2367,0.0602,26.0,3.2581,real_estate,state
0,8.0785,0.5025,-0.068,13.0,2.5649,finance,state
0,7.5786,0.6102,0.0557,1.0,0.0,manufacturing,private
0,10.8426,0.6584,0.0667,18.0,2.8904,real_estate,private
0,9.8814,0.4976,0.0095,2.0,0.6931,real_estate,state
0,7.1549,0.7356,0.0727,16.0,2.7726,manufacturing,private
0,8.9766,0.4088,0.1163,8.0,2.0794,manufacturing,private
0,7.6658,0.6212,-0.0598,8.0,2.0794,tech,state
0,7.6617,0.4291,-0.0024,17.0,2.8332,manufacturing,state
0,8.9355,0.7133,-0.007,3.0,1.0986,manufacturing,state
1,4.5561,0.575,-0.0274,1.0,0.0,real_estate,private
1,4.8951,0.9212,0.0582,2.0,0.6931,finance,private
0,7.4879,0.4343,0.0289,15.0,2.7081,manufacturing,state
1,6.1769,0.5328,0.0247,1.0,0.0,real_estate,private
0,9.0656,0.2699,-0.0568,1.0,0.0,manufacturing,state
1,6.3656,0.524,0.0755,5.0,1.6094,manufacturing,private
0,5.4579,0.6791,-0.0459,10.0,2.3026,manufacturing,private
0,11.1382,0.3806,0.0713,22.0,3.091,tech,state
1,7.5936,0.4437,0.0671,6.0,1.7918,manufacturing,private
0,8.6216,0.3622,0.1295,8.0,2.0794,manufacturing,state
1,5.4355,0.95,-0.0636,14.0,2.6391,real_estate,private
0,7.5201,0.696,-0.13,1.0,0.0,tech,state
1,8.1997,0.5989,0.0588,8.0,2.0794,manufacturing,private
0,6.4282,0.4987,0.1361,8.0,2.0794,real_estate,state
0,8.6763,0.5303,0.126,14.0,2.6391,manufacturing,private
1,7.4189,0.5678,0.0482,5.0,1.6094,real_estate,state
1,7.475,0.4301,0.0254,9.0,2.1972,real_estate,private
0,7.4169,0.4183,0.0895,1.0,0.0,real_estate,state
0,11.3341,0.1435,0.0349,11.0,2.3979,manufacturing,private
0,8.4757,0.4393,0.0741,13.0,2.5649,manufacturing,state
1,6.5961,0.5382,0.0581,1.0,0.0,manufacturing,state
0,9.4806,0.4026,0.1272,13.0,2.5649,manufacturing,private
0,6.3025,0.7062,0.1782,10.0,2.3026,manufacturing,state
0,8.876,0.1482,0.0854,8.0,2.0794,finance,state
1,4.4726,0.3844,0.0028,5.0,1.6094,tech,private
1,5.6093,0.6403,0.0268,1.0,0.0,tech,private
0,8.8544,0.5392,-0.0571,9.0,2.1972,tech,state
0,9.3292,0.7793,0.0078,16.0,2.7726,finance,private
0,8.3085,0.442,0.0326,11.0,2.3979,finance,private
0,8.2918,0.5615,0.0096,6.0,1.7918,manufacturing,state
0,7.458,0.5396,0.0546,11.0,2.3979,finance,private
0,5.3387,0.6402,-0.0182,10.0,2.3026,real_estate,private
1,6.7043,0.7806,0.0968,1.0,0.0,real_estate,private
0,7.6709,0.5069,0.038,16.0,2.7726,finance,state
0,9.9028,0.2022,0.0777,11.0,2.3979,manufacturing,private
0,9.1185,0.605,0.0247,14.0,2.6391,manufacturing,state
1,5.3265,0.7022,0.0216,13.0,2.5649,tech,state
0,9.0834,0.2451,0.1073,2.0,0.6931,manufacturing,state
0,7.3069,0.6788,-0.0088,4.0,1.3863,real_estate,private
1,6.7815,0.6514,-0.0019,6.0,1.7918,tech,private
0,9.101,0.5417,0.0396,7.0,1.9459,finance,private
0,9.8558,0.4398,-0.0077,24.0,3.1781,real_estate,private
0,10.1763,0.2044,0.0221,7.0,1.9459,manufacturing,state
0,6.9894,0.4109,0.0102,4.0,1.3863,manufacturing,state
0,7.9434,0.5881,0.0865,11.0,2.3979,tech,state
0,9.0963,0.5055,0.0658,3.0,1.0986,real_estate,state
0,9.756,0.4737,0.0787,10.0,2.3026,real_estate,private
0,7.1375,0.6884,0.0857,11.0,2.3979,manufacturing,private
0,8.1658,0.05,0.0617,7.0,1.9459,manufacturing,state
0,6.5086,0.627,0.0468,6.0,1.7918,tech,state
0,6.3468,0.1359,0.0398,3.0,1.0986,manufacturing,state
0,9.4625,0.4239,0.0803,3.0,1.0986,finance,private
0,10.4412,0.2645,0.0456,16.0,2.7726,manufacturing,private
0,7.8704,0.3116,-0.0813,21.0,3.0445,finance,private
0,9.8064,0.6751,0.0482,13.0,2.5649,tech,private
0,8.6509,0.4902,0.141,12.0,2.4849,real_estate,private
0,7.3388,0.4643,0.0909,13.0,2.5649,manufacturing,state
0,9.1505,0.4024,0.1114,3.0,1.0986,real_estate,state
0,10.7685,0.5289,0.1405,25.0,3.2189,finance,private
0,7.9355,0.6051,0.054,11.0,2.3979,real_estate,private
0,11.3164,0.0652,0.0949,25.0,3.2189,tech,state
1,3.2845,0.8425,-0.0327,1.0,0.0,finance,private
0,9.4794,0.4008,0.048,24.0,3.1781,tech,private
0,8.1567,0.258,0.099,15.0,2.7081,finance,private
0,7.4618,0.4726,0.1182,13.0,2.5649,manufacturing,private
0,8.1652,0.7827,0.0316,12.0,2.4849,manufacturing,private
1,4.4224,0.7833,-0.0124,3.0,1.0986,manufacturing,private
0,8.1046,0.322,0.0495,17.0,2.8332,tech,state
0,9.1428,0.2907,0.0927,12.0,2.4849,finance,state
0,11.1602,0.235,-0.0084,1.0,0.0,finance,state
0,7.5671,0.7546,-0.1063,2.0,0.6931,manufacturing,state
0,6.5447,0.6392,0.0032,7.0,1.9459,manufacturing,private
0,7.0968,0.6309,-0.0312,11.0,2.3979,finance,private
0,10.1477,0.5575,0.0264,12.0,2.4849,real_estate,state
0,8.5918,0.5532,0.0445,19.0,2.9444,manufacturing,private
0,7.5464,0.3541,0.018,1.0,0.0,finance,state
0,9.4239,0.3086,0.1428,12.0,2.4849,manufacturing,state
0,8.6747,0.3525,0.0708,1.0,0.0,manufacturing,state
0,10.2436,0.3713,0.0821,18.0,2.8904,real_estate,state
0,7.2363,0.5329,0.0696,8.0,2.0794,manufacturing,state
1,7.4102,0.5566,-0.0209,12.0,2.4849,tech,private
0,7.2942,0.677,0.0982,3.0,1.0986,manufacturing,private
0,5.3657,0.5952,0.0243,14.0,2.6391,manufacturing,private
0,9.033,0.3675,0.0924,18.0,2.8904,manufacturing,state
0,8.9699,0.05,0.0079,14.0,2.6391,finance,state
0,8.5092,0.5871,-0.0466,9.0,2.1972,real_estate,state
0,7.5777,0.6622,0.0908,13.0,2.5649,real_estate,private
1,5.9523,0.6178,0.0426,2.0,0.6931,manufacturing,state
0,7.2428,0.13,0.0145,14.0,2.6391,manufacturing,private
1,7.3831,0.95,-0.0216,20.0,2.9957,real_estate,private
0,6.5559,0.5494,0.1038,15.0,2.7081,tech,private
0,7.7097,0.729,-0.0296,5.0,1.6094,tech,private
0,9.2273,0.1696,0.1588,13.0,2.5649,manufacturing,state
0,11.8951,0.4334,0.0216,7.0,1.9459,real_estate,state
0,8.8142,0.1797,0.0976,14.0,2.6391,tech,state
0,8.4636,0.409,0.0399,14.0,2.6391,manufacturing,private
0,8.366,0.7027,0.0686,1.0,0.0,tech,state
0,5.0462,0.4409,-0.0086,1.0,0.0,manufacturing,state
0,7.9523,0.5688,0.0385,8.0,2.0794,tech,private
0,8.6084,0.5161,0.0464,8.0,2.0794,finance,state
0,12.4338,0.4821,0.0254,9.0,2.1972,tech,private
0,7.6538,0.5662,0.0886,12.0,2.4849,finance,private
0,9.0428,0.4164,0.0221,13.0,2.5649,manufacturing,state
0,8.4375,0.7846,0.0174,9.0,2.1972,tech,state
0,6.3964,0.4232,-0.0243,2.0,0.6931,manufacturing,state
0,10.0571,0.5028,-0.0819,20.0,2.9957,manufacturing,private
0,9.3535,0.6698,0.042,23.0,3.1355,finance,private
0,9.4239,0.6771,0.192,9.0,2.1972,finance,private
1,6.3631,0.7829,0.0722,4.0,1.3863,tech,private
0,10.525,0.5639,0.0649,17.0,2.8332,manufacturing,private
0,5.9767,0.2494,0.0228,4.0,1.3863,finance,state
0,9.5563,0.6188,0.0473,11.0,2.3979,finance,state
0,11.9428,0.2149,0.1234,21.0,3.0445,manufacturing,private
0,6.717,0.4755,-0.0352,1.0,0.0,manufacturing,state
0,7.4807,0.2711,0.1116,17.0,2.8332,manufacturing,state
0,8.1794,0.5136,0.0932,11.0,2.3979,manufacturing,private
1,7.0937,0.6136,0.0812,6.0,1.7918,tech,private
1,5.2088,0.6689,0.0495,5.0,1.6094,finance,private
0,8.1234,0.5987,0.0488,10.0,2.3026,finance,private
0,6.5879,0.7045,0.0601,1.0,0.0,tech,state
0,8.8525,0.5823,0.0876,21.0,3.0445,manufacturing,private
0,6.845,0.3777,0.0177,8.0,2.0794,tech,state
0,11.2899,0.5118,0.0327,17.0,2.8332,real_estate,state
1,6.5901,0.7765,0.0348,14.0,2.6391,tech,private
0,7.9203,0.1766,0.144,2.0,0.6931,manufacturing,state
0,9.4643,0.5886,-0.0138,15.0,2.7081,tech,private
1,6.2844,0.5569,-0.0584,5.0,1.6094,manufacturing,state
0,8.4094,0.4666,0.0652,16.0,2.7726,manufacturing,private
0,10.8529,0.5356,0.0617,1.0,0.0,finance,state
1,5.1065,0.591,0.037,5.0,1.6094,manufacturing,private
0,8.3323,0.5416,0.0658,7.0,1.9459,finance,private
0,8.9678,0.3862,0.0424,13.0,2.5649,real_estate,state
0,9.9073,0.3305,0.1474,15.0,2.7081,finance,state
0,6.2735,0.2486,-0.0521,2.0,0.6931,manufacturing,state
0,6.1232,0.194,-0.0062,2.0,0.6931,manufacturing,state
0,8.9395,0.7756,0.0393,11.0,2.3979,manufacturing,private
0,8.5346,0.4285,-0.0335,5.0,1.6094,real_estate,private
0,8.9509,0.1862,0.0514,16.0,2.7726,manufacturing,state
0,9.1236,0.05,0.1678,8.0,2.0794,manufacturing,state
0,7.276,0.297,0.046,1.0,0.0,manufacturing,state
0,8.4181,0.2903,0.0772,8.0,2.0794,manufacturing,private
0,9.0275,0.6961,-0.031,4.0,1.3863,real_estate,state
1,6.7142,0.742,-0.0041,1.0,0.0,tech,private
0,11.3584,0.3111,0.0618,7.0,1.9459,manufacturing,private
0,9.3529,0.7912,0.0211,12.0,2.4849,real_estate,state
1,5.8557,0.7629,0.0982,15.0,2.7081,finance,private
0,9.1818,0.4988,0.0945,14.0,2.6391,real_estate,private
1,6.2456,0.1535,-0.0089,3.0,1.0986,finance,private
0,9.9168,0.7809,0.058,15.0,2.7081,real_estate,state
0,10.5855,0.1288,0.107,10.0,2.3026,real_estate,state
0,6.5228,0.2918,0.1163,3.0,1.0986,manufacturing,private
0,9.7341,0.6536,0.1474,5.0,1.6094,finance,private
0,8.743,0.9266,-0.0214,1.0,0.0,finance,private
0,9.4797,0.7233,0.0048,10.0,2.3026,manufacturing,private
0,11.4142,0.5244,0.0016,16.0,2.7726,manufacturing,private
0,7.5583,0.6454,0.0282,9.0,2.1972,tech,private
0,7.1433,0.6172,0.0588,5.0,1.6094,real_estate,state
1,6.3989,0.7683,0.0875,2.0,0.6931,real_estate,private
0,6.5315,0.6223,0.0312,12.0,2.4849,tech,private
0,7.8612,0.5521,0.0296,1.0,0.0,finance,private
1,8.6141,0.5608,0.0643,16.0,2.7726,real_estate,private
0,8.998,0.2256,0.012,4.0,1.3863,finance,state
0,9.4889,0.4371,0.1849,7.0,1.9459,tech,private
1,8.0234,0.2986,-0.029,1.0,0.0,real_estate,private
0,11.1164,0.3346,0.0832,11.0,2.3979,real_estate,state
0,7.5236,0.3745,0.1703,15.0,2.7081,manufacturing,private
0,13.3963,0.05,0.0999,21.0,3.0445,tech,state
0,9.6262,0.3671,0.047,18.0,2.8904,finance,state
0,6.9571,0.6553,0.0056,11.0,2.3979,manufacturing,state
1,6.0724,0.7455,0.0163,1.0,0.0,tech,private
0,8.8685,0.2943,0.1486,9.0,2.1972,real_estate,private
1,7.5978,0.3721,-0.0729,4.0,1.3863,manufacturing,private
0,9.2852,0.713,0.1416,21.0,3.0445,real_estate,private
0,8.8518,0.3957,-0.0171,3.0,1.0986,real_estate,private
0,8.3689,0.3354,0.0353,15.0,2.7081,tech,state
0,6.9758,0.5102,0.0083,13.0,2.5649,manufacturing,state
1,5.2733,0.4455,0.0688,17.0,2.8332,tech,private
0,7.6963,0.4722,-0.0495,6.0,1.7918,real_estate,state
1,9.5415,0.2547,0.0999,17.0,2.8332,manufacturing,private
0,8.3854,0.4152,0.1745,25.0,3.2189,tech,private
1,5.7577,0.7122,-0.0497,3.0,1.0986,real_estate,private
0,8.3117,0.2471,0.076,1.0,0.0,manufacturing,private
0,9.1936,0.4848,0.0142,1.0,0.0,real_estate,state
0,6.9091,0.4144,0.0614,12.0,2.4849,tech,state
0,8.2767,0.6166,0.0491,1.0,0.0,manufacturing,private
0,8.6048,0.4053,0.0122,8.0,2.0794,manufacturing,state
0,5.9427,0.826,0.0502,10.0,2.3026,manufacturing,private
0,9.144,0.3722,0.1582,12.0,2.4849,manufacturing,state
1,9.0094,0.426,0.0508,14.0,2.6391,finance,private
0,9.9495,0.5525,0.1067,14.0,2.6391,real_estate,private
0,9.8968,0.5664,-0.0129,21.0,3.0445,manufacturing,private
1,6.0202,0.4528,-0.0261,1.0,0.0,manufacturing,state
1,6.8119,0.4276,0.0628,3.0,1.0986,manufacturing,state
0,8.9271,0.3816,0.1487,6.0,1.7918,tech,private
0,9.4248,0.2284,0.0834,17.0,2.8332,manufacturing,state
0,8.9271,0.2613,0.0507,17.0,2.8332,tech,private
0,14.9349,0.6824,0.094,24.0,3.1781,real_estate,private
0,9.0276,0.2856,-0.0036,19.0,2.9444,manufacturing,private
0,10.044,0.3497,0.1073,6.0,1.7918,tech,private
0,10.2172,0.2551,0.1207,23.0,3.1355,real_estate,state
0,9.1725,0.6485,0.0267,22.0,3.091,finance,private
0,7.4325,0.4964,0.0205,14.0,2.6391,tech,private
0,9.3661,0.7033,0.0669,24.0,3.1781,manufacturing,private
0,6.6089,0.4561,0.0186,1.0,0.0,manufacturing,private
0,7.5737,0.5907,0.0404,6.0,1.7918,finance,private
0,7.6263,0.2528,0.1701,4.0,1.3863,manufacturing,state
1,8.6474,0.7339,0.0201,15.0,2.7081,manufacturing,state
0,12.1664,0.2011,0.0734,10.0,2.3026,manufacturing,private
0,5.1389,0.524,-0.0177,10.0,2.3026,manufacturing,state
0,9.2353,0.6018,0.0981,21.0,3.0445,finance,private
0,5.0971,0.6881,0.0121,10.0,2.3026,manufacturing,private
0,7.6505,0.4237,0.007,10.0,2.3026,real_estate,state
0,10.4601,0.2889,0.1434,7.0,1.9459,finance,state
0,8.1157,0.5941,0.1323,5.0,1.6094,real_estate,private
0,6.5601,0.403,0.0004,15.0,2.7081,manufacturing,state
1,6.7125,0.7341,-0.0757,13.0,2.5649,finance,private
0,9.2233,0.8729,0.1008,12.0,2.4849,manufacturing,private
1,6.6853,0.4737,0.004,5.0,1.6094,finance,private
0,8.3896,0.2831,0.1095,1.0,0.0,tech,private
1,8.582,0.4124,-0.062,3.0,1.0986,real_estate,state
0,6.8271,0.95,0.0713,21.0,3.0445,real_estate,private
0,12.3591,0.1762,0.0188,8.0,2.0794,real_estate,state
0,9.6411,0.6172,0.0887,13.0,2.5649,manufacturing,state
1,4.3547,0.9274,0.0073,11.0,2.3979,tech,private
1,8.3356,0.4249,0.0022,2.0,0.6931,tech,private
0,7.3088,0.5034,0.0122,9.0,2.1972,manufacturing,state
0,9.5344,0.7636,0.0895,19.0,2.9444,finance,private
1,6.5735,0.5077,0.0472,8.0,2.0794,tech,private
0,8.2935,0.3412,0.0835,28.0,3.3322,tech,state
0,9.409,0.3029,0.1759,1.0,0.0,real_estate,state
0,9.5584,0.369,-0.0191,19.0,2.9444,real_estate,private
1,5.8395,0.4833,0.1302,5.0,1.6094,manufacturing,private
0,7.3979,0.3379,0.0606,14.0,2.6391,tech,private
0,7.1451,0.5615,-0.0091,11.0,2.3979,manufacturing,private
0,7.324,0.3331,-0.0303,3.0,1.0986,real_estate,state
0,11.1778,0.4748,0.0638,16.0,2.7726,manufacturing,private
0,8.729,0.241,0.1214,1.0,0.0,manufacturing,private
1,5.7304,0.7149,0.0211,10.0,2.3026,real_estate,private
0,10.1522,0.4636,0.1442,15.0,2.7081,tech,state
0,12.3199,0.05,0.014,20.0,2.9957,manufacturing,state
0,10.3584,0.4385,0.0619,20.0,2.9957,real_estate,state
1,5.2651,0.8228,-0.0545,8.0,2.0794,manufacturing,private
0,7.1284,0.3484,0.0732,9.0,2.1972,manufacturing,private
0,10.2804,0.8088,0.1069,8.0,2.0794,real_estate,private
0,7.2262,0.5402,0.0119,4.0,1.3863,real_estate,state
0,9.2989,0.225,-0.0877,19.0,2.9444,manufacturing,state
0,9.3943,0.4786,0.0735,21.0,3.0445,manufacturing,private
0,6.3315,0.6759,0.0568,6.0,1.7918,manufacturing,private
0,7.8929,0.5463,0.0718,10.0,2.3026,manufacturing,private
1,2.6657,0.6375,0.0683,1.0,0.0,tech,state
1,6.1561,0.4272,-0.0198,14.0,2.6391,tech,private
0,8.0454,0.4127,0.084,14.0,2.6391,manufacturing,state
0,6.254,0.2546,0.111,19.0,2.9444,real_estate,state
0,10.9383,0.4228,-0.027,9.0,2.1972,tech,private
0,5.9257,0.292,0.0541,3.0,1.0986,manufacturing,state
0,7.7079,0.2675,0.0202,10.0,2.3026,tech,state
0,8.2353,0.7352,0.0376,15.0,2.7081,tech,private
0,10.5943,0.6396,0.0831,13.0,2.5649,manufacturing,private
1,5.4154,0.7121,-0.0044,1.0,0.0,manufacturing,private
0,10.0937,0.2796,0.0371,19.0,2.9444,tech,private
0,8.5184,0.3751,0.0546,15.0,2.7081,real_estate,state
1,6.7333,0.6313,-0.0368,2.0,0.6931,manufacturing,state
0,8.8318,0.5294,-0.0067,20.0,2.9957,manufacturing,private
0,8.3583,0.95,0.0739,18.0,2.8904,real_estate,private
0,6.9196,0.6299,-0.0282,9.0,2.1972,finance,private
0,8.6256,0.3992,0.0879,11.0,2.3979,finance,state
1,7.3064,0.4977,0.0733,12.0,2.4849,tech,private
0,8.7043,0.3868,-0.0487,5.0,1.6094,manufacturing,state
0,9.1918,0.5281,0.0221,12.0,2.4849,real_estate,private
0,10.8548,0.6259,0.137,1.0,0.0,real_estate,private
1,5.7719,0.8211,-0.0326,12.0,2.4849,real_estate,private
0,11.8395,0.2799,0.0614,6.0,1.7918,manufacturing,private
0,4.4862,0.4068,0.0578,14.0,2.6391,tech,private
0,7.7268,0.2229,0.1073,7.0,1.9459,tech,private
0,9.059,0.6455,0.0404,10.0,2.3026,real_estate,private
0,9.0058,0.1654,0.0285,7.0,1.9459,finance,state
0,6.8791,0.194,0.1395,6.0,1.7918,manufacturing,private
0,8.1254,0.508,0.1439,19.0,2.9444,real_estate,state
0,7.1126,0.95,0.0793,1.0,0.0,finance,private
0,6.9391,0.6208,0.0461,17.0,2.8332,real_estate,private
0,9.5293,0.6281,0.0096,15.0,2.7081,tech,private
0,9.1426,0.3648,0.0069,3.0,1.0986,finance,state
0,7.2528,0.3904,0.0705,1.0,0.0,manufacturing,state
0,9.6193,0.6392,0.0804,23.0,3.1355,finance,private
0,8.5531,0.4636,0.1376,5.0,1.6094,manufacturing,private
0,9.4632,0.532,0.0975,5.0,1.6094,manufacturing,private
0,9.6333,0.3912,-0.0296,19.0,2.9444,manufacturing,state
1,6.5078,0.52,0.1034,10.0,2.3026,real_estate,private
0,6.9917,0.7306,-0.0237,3.0,1.0986,finance,private
0,9.8451,0.3596,0.0405,13.0,2.5649,real_estate,state
0,9.5987,0.2073,0.0795,5.0,1.6094,finance,state
0,7.9624,0.6833,0.1603,17.0,2.8332,real_estate,private
0,8.2112,0.3694,0.23,17.0,2.8332,manufacturing,private
0,10.2998,0.4658,0.1039,17.0,2.8332,tech,private
1,6.9352,0.5604,0.0307,11.0,2.3979,manufacturing,private
0,8.9848,0.6869,0.0804,23.0,3.1355,manufacturing,private
1,7.6361,0.6824,0.0943,10.0,2.3026,real_estate,private
0,8.1082,0.3775,0.0285,2.0,0.6931,manufacturing,state
0,10.4778,0.4511,0.1634,16.0,2.7726,manufacturing,state
0,9.4857,0.7241,0.0647,26.0,3.2581,finance,private
0,9.4643,0.6419,0.0865,6.0,1.7918,real_estate,private
0,10.3499,0.5213,0.1078,11.0,2.3979,real_estate,private
0,8.0378,0.3036,0.0849,13.0,2.5649,tech,private
0,9.7275,0.2103,0.1169,11.0,2.3979,real_estate,state
0,7.4415,0.4943,0.0122,3.0,1.0986,tech,private
0,9.0835,0.2478,0.0275,18.0,2.8904,manufacturing,state
1,7.7657,0.5649,-0.0138,24.0,3.1781,real_estate,private
0,8.1746,0.5345,0.0763,12.0,2.4849,tech,private
0,9.0713,0.6488,0.0996,6.0,1.7918,real_estate,private
1,6.5272,0.5621,0.0646,1.0,0.0,finance,private
0,12.2663,0.3405,0.1739,18.0,2.8904,manufacturing,state
1,6.1892,0.5954,0.0341,14.0,2.6391,manufacturing,private
0,6.3145,0.1564,0.0858,9.0,2.1972,real_estate,state
0,10.0846,0.3062,0.0119,13.0,2.5649,manufacturing,private
0,9.425,0.4625,0.0407,8.0,2.0794,tech,private
0,9.1234,0.2886,0.1089,5.0,1.6094,manufacturing,private
0,9.131,0.5991,0.1036,17.0,2.8332,tech,private
0,8.478,0.6335,0.0209,16.0,2.7726,tech,state
1,6.3849,0.7877,0.0228,1.0,0.0,manufacturing,private
0,8.6364,0.3293,-0.0346,20.0,2.9957,manufacturing,state
1,6.7811,0.8225,0.0076,12.0,2.4849,tech,private
0,10.2552,0.3429,0.1147,22.0,3.091,tech,state
0,8.2353,0.3801,0.0836,1.0,0.0,real_estate,state
1,6.5141,0.4693,0.0713,1.0,0.0,manufacturing,private
0,7.4215,0.5554,0.0504,8.0,2.0794,real_estate,private
0,9.2433,0.281,0.0597,14.0,2.6391,finance,state
0,7.4853,0.4297,0.0022,20.0,2.9957,manufacturing,state
0,6.52,0.602,0.0766,12.0,2.4849,finance,private
0,8.9386,0.3574,0.0779,9.0,2.1972,manufacturing,state
0,8.9409,0.4318,0.0786,4.0,1.3863,manufacturing,state
0,7.0875,0.7618,0.0028,17.0,2.8332,manufacturing,private
1,7.6521,0.5585,-0.0885,3.0,1.0986,manufacturing,state
0,8.4177,0.2625,0.1283,21.0,3.0445,manufacturing,private
1,5.3934,0.2297,0.0208,4.0,1.3863,real_estate,private
0,5.4666,0.7664,-0.0281,16.0,2.7726,manufacturing,private
0,6.7068,0.3341,0.0899,12.0,2.4849,manufacturing,private
0,7.6158,0.5029,0.026,8.0,2.0794,manufacturing,private
0,9.0596,0.1523,0.1249,7.0,1.9459,tech,state
0,11.1556,0.05,0.1218,12.0,2.4849,real_estate,state
0,9.5438,0.6367,0.098,15.0,2.7081,real_estate,private
0,8.2121,0.569,-0.037,10.0,2.3026,real_estate,state
0,7.9658,0.432,0.124,6.0,1.7918,tech,private
0,6.1954,0.1392,0.0704,6.0,1.7918,manufacturing,private
0,8.4667,0.2772,0.0328,10.0,2.3026,finance,state
0,7.4804,0.6129,0.0508,1.0,0.0,finance,private
0,8.5809,0.2586,-0.0358,14.0,2.6391,finance,private
1,6.511,0.6062,0.0597,1.0,0.0,manufacturing,private
0,8.9348,0.4993,-0.0013,4.0,1.3863,finance,private
0,10.7589,0.5467,-0.0094,4.0,1.3863,manufacturing,private
1,7.8042,0.6164,-0.0402,1.0,0.0,real_estate,private
0,8.7231,0.3412,0.1277,2.0,0.6931,finance,private
0,9.2423,0.6982,0.0147,8.0,2.0794,manufacturing,private
0,7.7778,0.3644,0.1335,21.0,3.0445,tech,state
0,8.9034,0.3532,0.0227,7.0,1.9459,manufacturing,state
1,8.0227,0.3691,-0.0407,11.0,2.3979,tech,private
0,8.6758,0.3486,-0.0093,13.0,2.5649,real_estate,state
0,7.1086,0.2598,0.1165,9.0,2.1972,manufacturing,state
0,8.0441,0.499,0.0428,10.0,2.3026,manufacturing,private
0,9.3964,0.637,0.0125,4.0,1.3863,tech,state
0,10.6121,0.2161,0.0918,23.0,3.1355,manufacturing,private
0,9.7267,0.2011,0.106,24.0,3.1781,manufacturing,private
0,11.8757,0.6663,0.135,5.0,1.6094,manufacturing,private
0,6.6188,0.5355,0.1235,1.0,0.0,finance,private
0,10.0702,0.268,0.0476,11.0,2.3979,real_estate,state
1,8.33,0.6987,-0.0318,4.0,1.3863,manufacturing,private
0,11.9416,0.3078,0.0638,19.0,2.9444,manufacturing,private
1,6.5451,0.8872,0.0385,3.0,1.0986,manufacturing,private
1,6.4885,0.6918,-0.0234,22.0,3.091,manufacturing,private
0,7.4211,0.3786,-0.0102,16.0,2.7726,real_estate,state
1,4.177,0.95,0.021,6.0,1.7918,finance,private
0,7.5536,0.2944,0.0441,15.0,2.7081,manufacturing,state
0,6.6336,0.6984,0.0347,15.0,2.7081,manufacturing,private
0,8.2707,0.5733,0.0062,7.0,1.9459,manufacturing,private
0,9.1152,0.5751,0.0316,6.0,1.7918,tech,state
0,11.8771,0.5368,0.0127,16.0,2.7726,tech,state
0,10.2108,0.3242,0.1152,18.0,2.8904,tech,state
0,6.9616,0.4318,0.1069,9.0,2.1972,manufacturing,private
0,6.3829,0.6575,-0.0734,1.0,0.0,manufacturing,private
0,9.3855,0.2271,0.0092,6.0,1.7918,manufacturing,state
1,5.6236,0.947,-0.0718,6.0,1.7918,manufacturing,private
0,11.7966,0.3545,0.039,15.0,2.7081,real_estate,state
0,10.123,0.4036,0.0658,26.0,3.2581,finance,private
0,7.6555,0.427,-0.0419,1.0,0.0,tech,state
0,4.9164,0.3912,-0.0182,8.0,2.0794,tech,private
0,10.437,0.2901,0.0202,23.0,3.1355,manufacturing,private
0,7.7938,0.7423,0.0508,24.0,3.1781,finance,private
0,10.2281,0.3504,0.0777,11.0,2.3979,manufacturing,private
0,5.13,0.4363,-0.0072,9.0,2.1972,manufacturing,private
0,6.9211,0.6545,0.047,12.0,2.4849,finance,private
0,8.0094,0.7333,0.0093,11.0,2.3979,manufacturing,private
0,8.0846,0.7109,0.0294,10.0,2.3026,real_estate,private
0,7.1899,0.7253,0.1317,12.0,2.4849,manufacturing,private
0,9.6211,0.2064,0.1425,1.0,0.0,finance,state
0,6.0783,0.3435,-0.0296,11.0,2.3979,finance,private
0,8.2437,0.6355,0.0838,11.0,2.3979,manufacturing,state
0,8.2165,0.4681,0.101,9.0,2.1972,tech,private
0,8.926,0.4592,-0.0064,25.0,3.2189,manufacturing,private
0,9.2809,0.7796,0.0974,8.0,2.0794,real_estate,private
0,6.4756,0.5262,0.1173,4.0,1.3863,finance,state
0,5.7386,0.5311,-0.0412,19.0,2.9444,finance,state
0,10.2998,0.8328,-0.0007,9.0,2.1972,tech,private
0,8.5982,0.4016,0.1186,7.0,1.9459,manufacturing,private
0,7.1527,0.5697,0.0471,7.0,1.9459,finance,state
0,10.7921,0.456,0.1046,20.0,2.9957,finance,private
0,8.2082,0.5699,0.0692,12.0,2.4849,tech,private
0,10.1227,0.7288,0.0782,5.0,1.6094,manufacturing,private
0,8.6215,0.4536,-0.0293,7.0,1.9459,finance,state
0,11.7093,0.5711,0.137,12.0,2.4849,real_estate,private
0,11.6596,0.4594,0.1352,15.0,2.7081,manufacturing,state
0,7.5519,0.5408,0.0359,12.0,2.4849,real_estate,private
0,10.2488,0.1734,0.0687,15.0,2.7081,manufacturing,state
0,9.6617,0.2157,-0.0202,1.0,0.0,real_estate,state
0,10.9635,0.05,0.1156,20.0,2.9957,tech,state
1,6.7631,0.8352,0.0523,9.0,2.1972,real_estate,state
0,9.2349,0.3035,0.0654,21.0,3.0445,finance,private
0,10.4052,0.3349,0.1323,16.0,2.7726,real_estate,state
0,5.3343,0.4174,0.0066,12.0,2.4849,manufacturing,state
1,5.8701,0.6467,0.0623,10.0,2.3026,manufacturing,private
1,4.8294,0.6802,-0.0457,13.0,2.5649,real_estate,state
0,8.0151,0.5323,0.0378,13.0,2.5649,manufacturing,state
0,9.2916,0.3911,0.0553,11.0,2.3979,manufacturing,private
0,10.7042,0.4802,0.0868,29.0,3.3673,real_estate,private
0,8.1334,0.5745,0.0276,16.0,2.7726,manufacturing,private
0,10.9315,0.3994,0.0688,18.0,2.8904,manufacturing,private
0,5.5158,0.9405,0.0642,1.0,0.0,real_estate,private
0,5.4339,0.5463,-0.0046,1.0,0.0,manufacturing,state
0,7.9,0.6592,-0.0491,12.0,2.4849,tech,private
1,8.6913,0.6231,0.1513,12.0,2.4849,tech,private
1,7.9411,0.7333,0.1198,6.0,1.7918,finance,private
1,4.2786,0.6727,-0.0568,5.0,1.6094,manufacturing,private
0,8.3396,0.1521,0.0986,20.0,2.9957,finance,state
1,5.652,0.6691,-0.0017,11.0,2.3979,tech,private
0,9.2054,0.382,0.0803,4.0,1.3863,finance,private
0,8.6599,0.4194,0.0766,10.0,2.3026,manufacturing,private
1,6.8082,0.5214,0.0178,2.0,0.6931,finance,state
0,7.575,0.6104,-0.0126,6.0,1.7918,tech,state
0,6.5934,0.4909,-0.0058,4.0,1.3863,real_estate,state
0,7.8872,0.5864,-0.0061,7.0,1.9459,finance,private
0,10.2193,0.6707,0.0031,5.0,1.6094,real_estate,state
0,6.7257,0.5246,0.0295,6.0,1.7918,real_estate,state
0,8.9073,0.9495,-0.0041,8.0,2.0794,manufacturing,private
0,7.5455,0.4957,0.0769,1.0,0.0,finance,state
0,6.5728,0.2705,0.1376,21.0,3.0445,manufacturing,private
0,8.3073,0.5651,0.0091,17.0,2.8332,real_estate,state
1,6.1366,0.6514,0.0453,5.0,1.6094,manufacturing,private
1,7.0034,0.8414,0.0603,9.0,2.1972,real_estate,private
1,5.8438,0.7103,0.0539,1.0,0.0,manufacturing,private
0,11.5365,0.4001,0.0849,26.0,3.2581,finance,private
0,8.5635,0.1579,0.1029,22.0,3.091,finance,state
0,7.2405,0.3719,0.0689,9.0,2.1972,manufacturing,state
0,8.8852,0.2124,-0.0113,17.0,2.8332,manufacturing,state
0,7.7978,0.4364,0.1029,11.0,2.3979,manufacturing,private
0,7.6023,0.643,0.0931,1.0,0.0,tech,private
0,9.1055,0.8436,0.0021,9.0,2.1972,real_estate,private
0,9.3635,0.6169,0.0604,13.0,2.5649,real_estate,private
0,7.5451,0.1933,0.0908,5.0,1.6094,manufacturing,state
1,6.9635,0.6374,0.0258,7.0,1.9459,finance,private
0,7.5049,0.7503,0.0982,9.0,2.1972,tech,private
0,4.3565,0.3896,0.1563,3.0,1.0986,tech,state
1,5.2727,0.5888,-0.0169,6.0,1.7918,finance,private
0,10.9604,0.2987,-0.0091,7.0,1.9459,manufacturing,state
0,10.9609,0.3064,0.0983,10.0,2.3026,manufacturing,private
1,7.5517,0.6548,0.0827,1.0,0.0,manufacturing,private
0,9.5378,0.3181,0.0463,18.0,2.8904,manufacturing,state
0,8.5603,0.5852,0.135,1.0,0.0,manufacturing,private
0,14.042,0.0513,0.0261,26.0,3.2581,manufacturing,state
0,10.0152,0.3944,0.1101,22.0,3.091,manufacturing,private
0,7.7697,0.6609,0.0075,8.0,2.0794,tech,private
0,6.78,0.3576,0.1376,1.0,0.0,finance,state
1,5.1084,0.9133,0.127,3.0,1.0986,tech,private
0,8.3662,0.4504,0.0121,10.0,2.3026,finance,private
1,7.1386,0.4494,0.0053,1.0,0.0,manufacturing,state
0,5.9399,0.6069,0.0708,3.0,1.0986,finance,state
0,6.8362,0.3214,0.0292,18.0,2.8904,manufacturing,private
0,6.0532,0.2861,0.045,11.0,2.3979,finance,private
0,11.5369,0.05,0.0888,9.0,2.1972,manufacturing,state
0,10.087,0.5392,-0.0572,2.0,0.6931,tech,state
0,8.4856,0.2757,0.0534,8.0,2.0794,manufacturing,state
0,10.6639,0.8893,0.0124,13.0,2.5649,manufacturing,private
0,8.6393,0.2689,0.0272,13.0,2.5649,tech,state
0,6.9497,0.4482,0.1187,4.0,1.3863,manufacturing,state
0,10.7416,0.7125,-0.0116,18.0,2.8904,finance,private
0,8.97,0.8454,0.0891,24.0,3.1781,finance,private
0,6.633,0.78,0.0022,13.0,2.5649,tech,state
1,7.6574,0.7478,0.0215,9.0,2.1972,tech,private
1,6.4239,0.7531,0.0743,7.0,1.9459,tech,private
0,6.011,0.5464,0.0442,4.0,1.3863,manufacturing,state
0,10.1671,0.4536,0.0906,20.0,2.9957,tech,state
0,11.4369,0.3322,0.1387,11.0,2.3979,finance,private
1,5.9826,0.305,0.0164,6.0,1.7918,finance,state
0,9.0133,0.499,0.0232,12.0,2.4849,manufacturing,private
0,6.8288,0.5359,-0.0209,5.0,1.6094,finance,private
0,7.6232,0.3185,-0.0013,1.0,0.0,tech,state
0,7.4337,0.5216,0.2054,11.0,2.3979,tech,state
0,6.4448,0.8007,0.1012,7.0,1.9459,real_estate,private
0,8.0873,0.5426,-0.0277,13.0,2.5649,manufacturing,private
1,6.5043,0.8286,-0.0502,4.0,1.3863,manufacturing,private
1,8.4868,0.3194,0.0908,18.0,2.8904,tech,private
0,8.4096,0.3395,0.0823,4.0,1.3863,finance,state
0,7.5699,0.4798,0.0836,20.0,2.9957,real_estate,private
0,6.3664,0.2585,0.0364,1.0,0.0,manufacturing,private
0,6.9618,0.6069,0.0348,11.0,2.3979,real_estate,private
0,9.8597,0.3683,0.0812,15.0,2.7081,real_estate,state
0,9.4017,0.6028,0.0506,7.0,1.9459,tech,state
1,6.2404,0.6911,-0.0974,10.0,2.3026,finance,private
0,8.1788,0.3488,0.0463,18.0,2.8904,manufacturing,private
0,9.8525,0.7078,-0.0023,1.0,0.0,real_estate,state
0,5.4951,0.6698,0.0254,9.0,2.1972,manufacturing,state
0,8.978,0.6006,0.2254,1.0,0.0,tech,private
1,6.8073,0.5269,0.063,2.0,0.6931,manufacturing,private
0,9.5271,0.2344,0.0481,22.0,3.091,real_estate,state
0,7.1261,0.3473,0.0945,4.0,1.3863,manufacturing,state
1,5.2512,0.6544,0.0422,1.0,0.0,finance,state
0,5.0704,0.9415,0.035,4.0,1.3863,finance,private
0,8.0866,0.7924,0.0735,24.0,3.1781,finance,private
0,8.4675,0.432,0.1761,1.0,0.0,manufacturing,private
1,6.3722,0.3866,-0.0199,1.0,0.0,manufacturing,private
0,9.6495,0.3597,0.0857,21.0,3.0445,manufacturing,state
0,5.0093,0.3161,-0.0143,17.0,2.8332,finance,private
0,7.8811,0.5891,0.0784,9.0,2.1972,manufacturing,private
0,6.3202,0.4701,-0.0199,1.0,0.0,real_estate,state
0,7.3267,0.3252,0.0199,22.0,3.091,tech,state
0,8.0853,0.2536,0.0463,20.0,2.9957,tech,private
1,6.4513,0.7247,0.0892,12.0,2.4849,real_estate,private
0,7.8078,0.3593,0.1013,4.0,1.3863,real_estate,state
0,9.8113,0.2748,0.0026,12.0,2.4849,manufacturing,private
0,6.9616,0.13,0.0671,7.0,1.9459,finance,private
0,10.0042,0.3201,0.0219,14.0,2.6391,tech,state
0,6.4665,0.7353,-0.0533,16.0,2.7726,manufacturing,state
0,9.4536,0.6866,0.0324,17.0,2.8332,real_estate,state
0,10.5948,0.3737,0.0575,7.0,1.9459,tech,private
0,4.051,0.4001,0.1573,12.0,2.4849,tech,state
0,7.0656,0.4935,0.0593,10.0,2.3026,manufacturing,state
0,9.0387,0.3874,-0.0128,16.0,2.7726,real_estate,private
0,7.6345,0.5928,0.0121,19.0,2.9444,manufacturing,private
0,9.1681,0.4815,0.1083,4.0,1.3863,manufacturing,state
0,6.9128,0.7733,0.1515,8.0,2.0794,tech,private
1,8.1559,0.5081,-0.0392,7.0,1.9459,tech,private
0,7.7198,0.5034,-0.0589,1.0,0.0,finance,private
0,10.102,0.3162,0.1821,15.0,2.7081,manufacturing,private
0,8.958,0.2143,0.0827,27.0,3.2958,tech,state
0,8.6077,0.5329,0.0069,1.0,0.0,real_estate,private
0,7.2586,0.6153,0.0717,9.0,2.1972,manufacturing,private
0,7.1223,0.7732,-0.1162,13.0,2.5649,real_estate,private
0,7.2214,0.4154,0.05,9.0,2.1972,manufacturing,private
0,8.71,0.765,0.0631,11.0,2.3979,finance,private
0,7.7422,0.4062,0.099,1.0,0.0,real_estate,state
0,8.5216,0.5107,-0.0038,12.0,2.4849,manufacturing,private
0,11.7357,0.2896,0.0919,11.0,2.3979,manufacturing,private
0,9.568,0.13,0.0289,1.0,0.0,manufacturing,private
1,7.9132,0.5394,0.0529,17.0,2.8332,manufacturing,state
0,10.1622,0.6517,0.0107,20.0,2.9957,real_estate,private
0,7.2655,0.5037,0.0226,9.0,2.1972,tech,private
1,4.8314,0.4916,-0.0384,6.0,1.7918,manufacturing,state
1,6.1854,0.673,0.0683,14.0,2.6391,manufacturing,private
1,4.6326,0.4227,0.0836,6.0,1.7918,real_estate,private
0,7.3673,0.4581,0.0354,15.0,2.7081,tech,private
0,8.0332,0.6654,0.0462,8.0,2.0794,manufacturing,private
0,11.0176,0.2241,0.0016,23.0,3.1355,manufacturing,private
0,9.0885,0.4628,0.0353,13.0,2.5649,real_estate,state
0,7.6056,0.3089,0.0545,10.0,2.3026,manufacturing,private
0,9.4929,0.5653,0.2096,4.0,1.3863,manufacturing,private
1,4.02,0.6433,-0.0469,6.0,1.7918,finance,private
0,8.4241,0.2399,0.1505,5.0,1.6094,finance,private
0,9.3876,0.7484,0.1098,8.0,2.0794,real_estate,private
1,5.8385,0.3237,0.0498,1.0,0.0,finance,state
0,10.0588,0.3291,0.1748,6.0,1.7918,finance,private
0,9.1093,0.3862,0.0749,25.0,3.2189,manufacturing,state
0,7.7525,0.5897,0.0571,18.0,2.8904,manufacturing,state
0,9.639,0.1614,0.0644,24.0,3.1781,manufacturing,state
0,12.0872,0.418,0.154,9.0,2.1972,manufacturing,private
0,8.8274,0.4338,0.1125,11.0,2.3979,finance,state
0,8.9468,0.4756,0.0123,2.0,0.6931,tech,state
0,7.6732,0.4251,-0.0342,4.0,1.3863,tech,state
0,6.9703,0.3529,0.0285,2.0,0.6931,finance,state
0,9.4946,0.3431,0.0229,20.0,2.9957,manufacturing,private
0,6.459,0.591,0.0328,5.0,1.6094,manufacturing,private
0,8.6288,0.182,0.1307,17.0,2.8332,tech,state
0,7.1402,0.19,0.0395,12.0,2.4849,real_estate,private
0,8.8622,0.5791,0.0513,26.0,3.2581,finance,private
0,8.6006,0.6672,0.0512,2.0,0.6931,finance,private
0,10.3676,0.05,0.133,21.0,3.0445,finance,state
0,7.082,0.3842,-0.079,16.0,2.7726,tech,private
0,8.0142,0.4909,0.0062,3.0,1.0986,manufacturing,state
0,6.7382,0.7761,0.0313,14.0,2.6391,finance,state
0,7.7003,0.3976,0.1122,11.0,2.3979,tech,state
0,8.6791,0.3846,0.0331,9.0,2.1972,manufacturing,private
0,9.8626,0.2977,-0.0452,7.0,1.9459,finance,state
0,6.8401,0.6559,0.061,3.0,1.0986,manufacturing,state
0,10.0653,0.2121,0.0316,25.0,3.2189,tech,state
0,10.4401,0.3196,0.0081,14.0,2.6391,manufacturing,private
0,8.7442,0.4848,0.0241,16.0,2.7726,real_estate,private
0,11.8782,0.105,0.075,10.0,2.3026,manufacturing,state
1,6.6072,0.5928,0.0026,3.0,1.0986,finance,private
1,5.7596,0.8762,-0.1084,14.0,2.6391,manufacturing,private
0,4.7983,0.6815,0.0724,1.0,0.0,manufacturing,private
0,11.1929,0.3059,0.1478,12.0,2.4849,real_estate,state
0,9.1779,0.4446,0.0996,12.0,2.4849,tech,private
0,8.3999,0.1046,-0.004,10.0,2.3026,manufacturing,state
1,8.5039,0.6665,0.0357,10.0,2.3026,manufacturing,private
0,6.4741,0.4174,0.0334,9.0,2.1972,finance,state
0,12.9024,0.2669,0.1226,21.0,3.0445,real_estate,state
0,8.7326,0.87,0.0653,16.0,2.7726,tech,state
0,8.1969,0.5754,0.007,4.0,1.3863,manufacturing,private
0,9.8064,0.2017,0.0715,10.0,2.3026,finance,state
0,8.8658,0.4308,0.0869,19.0,2.9444,manufacturing,private
0,8.903,0.5551,0.1281,17.0,2.8332,manufacturing,state
1,6.5771,0.5921,0.0778,1.0,0.0,finance,private
0,8.8486,0.3176,0.1138,13.0,2.5649,real_estate,private
0,11.3876,0.5862,0.0758,3.0,1.0986,finance,private
0,10.4218,0.3426,0.1566,14.0,2.6391,manufacturing,private
0,10.8677,0.8256,0.0828,27.0,3.2958,real_estate,private
0,7.5798,0.6431,-0.0157,3.0,1.0986,real_estate,state
0,6.2187,0.5066,0.1195,2.0,0.6931,tech,private
0,8.2736,0.5968,0.0782,15.0,2.7081,manufacturing,state
0,8.1003,0.5386,0.0248,1.0,0.0,manufacturing,private
0,9.9695,0.6173,0.0321,9.0,2.1972,manufacturing,private
0,5.4536,0.6046,0.0379,9.0,2.1972,real_estate,state
0,11.2532,0.1421,0.1063,10.0,2.3026,manufacturing,state
1,7.7156,0.428,0.064,8.0,2.0794,tech,private
1,7.2316,0.7299,0.0534,14.0,2.6391,manufacturing,private
0,6.1782,0.5272,0.1353,10.0,2.3026,tech,private
0,5.0213,0.5501,0.09,7.0,1.9459,manufacturing,private
0,9.4817,0.3215,0.0808,10.0,2.3026,finance,private
0,8.132,0.5988,0.102,13.0,2.5649,tech,private
1,6.1781,0.7938,-0.045,6.0,1.7918,manufacturing,state
0,6.1689,0.2566,0.0619,9.0,2.1972,tech,state
0,7.3956,0.6123,0.1489,6.0,1.7918,real_estate,private
0,11.0042,0.6824,0.0514,14.0,2.6391,tech,private
1,7.5327,0.5303,-0.0021,3.0,1.0986,finance,private
0,5.2943,0.6888,-0.0136,6.0,1.7918,manufacturing,private
0,8.0577,0.2008,-0.0081,4.0,1.3863,manufacturing,state
0,7.5091,0.6183,-0.0026,2.0,0.6931,manufacturing,private
1,3.6456,0.4835,-0.0103,4.0,1.3863,manufacturing,state
0,8.4023,0.5422,-0.0395,11.0,2.3979,manufacturing,state
0,7.5843,0.7464,0.0381,15.0,2.7081,manufacturing,private
0,9.7532,0.8371,0.092,10.0,2.3026,real_estate,state
1,11.3281,0.5297,0.0209,18.0,2.8904,finance,private
0,10.0278,0.5251,0.1518,17.0,2.8332,manufacturing,private
0,7.516,0.5779,0.0738,12.0,2.4849,manufacturing,private
0,6.5083,0.3691,0.0955,2.0,0.6931,finance,state
0,13.132,0.2892,0.0481,18.0,2.8904,manufacturing,state
0,8.6066,0.3161,0.1024,12.0,2.4849,manufacturing,state
0,8.0251,0.5582,-0.014,10.0,2.3026,manufacturing,private
0,7.9566,0.7575,0.0905,1.0,0.0,tech,private
0,8.3566,0.3465,0.0708,11.0,2.3979,tech,private
0,8.2402,0.5735,0.0707,24.0,3.1781,manufacturing,state
1,6.9674,0.7871,-0.0366,6.0,1.7918,finance,private
0,7.5157,0.4393,-0.0088,4.0,1.3863,real_estate,state
0,8.441,0.05,0.1006,12.0,2.4849,finance,state
0,7.0218,0.455,-0.008,10.0,2.3026,finance,private
0,6.7169,0.7912,0.0558,16.0,2.7726,finance,private
0,8.6916,0.3603,-0.0269,2.0,0.6931,manufacturing,state
0,8.041,0.2122,0.1029,14.0,2.6391,manufacturing,state
0,10.7072,0.4221,0.0056,18.0,2.8904,real_estate,private
1,3.7283,0.6575,0.0354,2.0,0.6931,tech,state
0,10.4647,0.4649,0.0981,15.0,2.7081,real_estate,state
0,10.243,0.4217,0.0305,20.0,2.9957,tech,private
1,4.2679,0.579,0.0553,10.0,2.3026,tech,private
0,7.3832,0.4812,0.0629,2.0,0.6931,manufacturing,private
0,7.3314,0.3917,0.0207,14.0,2.6391,finance,private
1,5.4665,0.8834,-0.0419,6.0,1.7918,finance,private
0,7.0999,0.3567,-0.0721,8.0,2.0794,tech,state
1,6.001,0.799,0.0439,8.0,2.0794,tech,private
0,11.1541,0.6966,-0.0257,14.0,2.6391,finance,private
0,10.1842,0.4909,0.0617,20.0,2.9957,manufacturing,state
0,10.2888,0.3872,0.0573,13.0,2.5649,finance,private
0,9.799,0.4004,0.0967,5.0,1.6094,manufacturing,state
0,6.4677,0.4268,0.0159,4.0,1.3863,finance,state
0,7.5559,0.2432,0.0303,10.0,2.3026,tech,state
0,8.8809,0.5593,0.0969,19.0,2.9444,manufacturing,private
0,5.8002,0.3935,0.0602,10.0,2.3026,finance,private
0,9.2834,0.7554,0.0696,7.0,1.9459,real_estate,private
0,7.5674,0.5232,0.0771,25.0,3.2189,real_estate,private
0,7.8253,0.4248,-0.0456,11.0,2.3979,manufacturing,state
0,9.7797,0.3803,0.102,20.0,2.9957,finance,state
0,9.2997,0.3016,0.094,10.0,2.3026,tech,state
0,7.8503,0.4902,-0.0185,12.0,2.4849,tech,state
0,10.5868,0.2259,0.0571,19.0,2.9444,manufacturing,state
0,6.0541,0.738,0.0247,15.0,2.7081,tech,private
0,9.1087,0.2656,0.0621,18.0,2.8904,finance,private
0,9.0676,0.5197,0.0771,17.0,2.8332,manufacturing,private
0,7.9428,0.7196,0.1125,7.0,1.9459,manufacturing,state
0,8.587,0.3406,0.125,7.0,1.9459,manufacturing,private
0,6.248,0.3212,-0.039,9.0,2.1972,tech,state
0,10.1632,0.4083,0.0956,19.0,2.9444,finance,state
0,7.6672,0.5708,0.1223,8.0,2.0794,finance,private
0,7.0591,0.6184,0.0617,15.0,2.7081,manufacturing,private
0,10.3882,0.3974,0.1247,22.0,3.091,finance,state
0,6.7322,0.677,0.1503,2.0,0.6931,manufacturing,private
1,5.9648,0.6366,0.0791,1.0,0.0,manufacturing,state
1,5.1981,0.6844,0.0378,5.0,1.6094,finance,private
0,9.0908,0.4558,0.1211,14.0,2.6391,manufacturing,private
0,5.6952,0.7146,0.0338,3.0,1.0986,tech,private
0,11.6586,0.6015,0.0628,24.0,3.1781,manufacturing,state
0,4.7525,0.4596,-0.0004,7.0,1.9459,finance,state
0,11.0536,0.3311,0.1731,15.0,2.7081,real_estate,private
0,8.3798,0.7687,-0.0026,2.0,0.6931,real_estate,private
1,8.3259,0.3546,0.1377,1.0,0.0,manufacturing,state
0,7.0191,0.1864,0.0877,10.0,2.3026,manufacturing,private
0,8.7184,0.654,-0.0312,1.0,0.0,tech,private
0,7.9323,0.4401,0.0748,16.0,2.7726,manufacturing,private
0,9.9859,0.4549,-0.0536,12.0,2.4849,tech,private
1,8.2056,0.5808,0.0851,31.0,3.434,tech,private
0,8.2705,0.5546,0.1017,25.0,3.2189,manufacturing,private
0,7.3455,0.6715,0.0049,8.0,2.0794,manufacturing,private
0,8.3975,0.2983,0.0597,9.0,2.1972,finance,state
0,9.054,0.4415,0.1631,17.0,2.8332,tech,state
0,5.4217,0.4178,-0.0027,16.0,2.7726,tech,state
1,5.5733,0.7897,-0.037,1.0,0.0,real_estate,private
1,9.8379,0.4355,0.1416,1.0,0.0,finance,state
0,8.3076,0.3601,0.1729,6.0,1.7918,manufacturing,private
0,8.1688,0.5664,0.0389,13.0,2.5649,tech,state
0,8.5332,0.277,0.1127,13.0,2.5649,tech,state
0,8.6256,0.65,0.1261,18.0,2.8904,manufacturing,private
1,7.5284,0.4622,-0.0037,1.0,0.0,manufacturing,state
1,7.0991,0.7277,-0.0041,1.0,0.0,manufacturing,state
0,8.8525,0.3211,0.1255,16.0,2.7726,manufacturing,state
0,6.2389,0.5229,0.1351,2.0,0.6931,tech,private
0,8.7349,0.5046,0.0887,1.0,0.0,manufacturing,private
1,4.9353,0.5699,-0.0238,6.0,1.7918,manufacturing,private
0,9.8525,0.6118,0.1735,18.0,2.8904,manufacturing,private
0,8.8507,0.2269,0.0392,10.0,2.3026,tech,private
0,8.9609,0.1752,0.0428,8.0,2.0794,finance,state
0,10.2688,0.1936,0.0928,12.0,2.4849,real_estate,state
0,10.9979,0.6032,0.157,12.0,2.4849,manufacturing,private
0,10.3259,0.609,0.1009,4.0,1.3863,tech,state
1,5.1864,0.4515,0.0471,1.0,0.0,tech,state
0,5.6968,0.5701,0.0588,10.0,2.3026,manufacturing,private
1,6.8753,0.5758,0.0426,10.0,2.3026,manufacturing,private
0,8.547,0.5681,0.0734,11.0,2.3979,manufacturing,state
0,9.4318,0.1828,-0.0805,5.0,1.6094,manufacturing,state
0,6.6937,0.6701,0.0202,7.0,1.9459,real_estate,private
0,8.3362,0.6874,0.059,1.0,0.0,tech,private
1,6.6403,0.7168,-0.0315,9.0,2.1972,real_estate,private
0,6.8993,0.5956,0.0616,17.0,2.8332,tech,private
1,5.468,0.8378,0.0093,1.0,0.0,real_estate,private
0,6.3382,0.13,0.1585,3.0,1.0986,finance,private
0,5.567,0.7194,0.1149,8.0,2.0794,finance,private
0,6.7434,0.3104,0.0137,15.0,2.7081,manufacturing,state
0,9.8966,0.1588,0.0715,10.0,2.3026,manufacturing,private
0,6.7911,0.509,0.0275,3.0,1.0986,finance,state
0,13.2383,0.4637,0.0527,5.0,1.6094,manufacturing,state
0,8.888,0.4798,0.0697,12.0,2.4849,manufacturing,private
1,8.3327,0.7436,0.0016,24.0,3.1781,real_estate,private
1,6.455,0.8532,-0.0406,10.0,2.3026,tech,private
0,9.7606,0.618,0.086,12.0,2.4849,real_estate,state
1,6.9639,0.8427,0.0647,11.0,2.3979,tech,private
0,8.2196,0.7108,-0.0003,10.0,2.3026,real_estate,private
0,12.6082,0.4047,0.1393,12.0,2.4849,finance,private
0,8.3271,0.1601,0.0248,15.0,2.7081,real_estate,state
0,10.5687,0.2657,0.0837,15.0,2.7081,tech,state
0,6.7343,0.4832,0.0933,8.0,2.0794,real_estate,private
0,8.437,0.7447,0.0305,4.0,1.3863,finance,state
0,11.1874,0.4042,0.1041,23.0,3.1355,finance,private
0,6.8715,0.645,0.0099,13.0,2.5649,real_estate,private
0,11.7624,0.3668,0.0615,12.0,2.4849,manufacturing,state
0,9.774,0.3393,0.0484,18.0,2.8904,manufacturing,state
0,7.4876,0.6914,-0.0147,5.0,1.6094,manufacturing,state
0,9.1383,0.3889,0.0542,7.0,1.9459,tech,private
0,10.2506,0.3509,-0.0261,8.0,2.0794,manufacturing,state
0,9.1193,0.3689,0.0369,1.0,0.0,manufacturing,private
0,5.1736,0.3881,0.0204,8.0,2.0794,finance,private
1,6.6912,0.4642,0.0292,1.0,0.0,manufacturing,private
1,8.0545,0.437,0.0327,1.0,0.0,real_estate,state
0,8.366,0.3003,0.0487,1.0,0.0,manufacturing,state
0,9.1172,0.3776,0.0924,11.0,2.3979,tech,private
0,8.3199,0.2789,0.1141,9.0,2.1972,tech,private
1,5.5964,0.5878,-0.0068,4.0,1.3863,tech,private
0,9.1844,0.1511,-0.0017,4.0,1.3863,real_estate,state
0,9.5991,0.4675,-0.0068,4.0,1.3863,finance,state
0,9.0076,0.5139,0.0297,15.0,2.7081,manufacturing,private
0,10.4454,0.0614,0.0574,9.0,2.1972,manufacturing,state
0,9.5011,0.4319,0.0206,14.0,2.6391,manufacturing,private
0,8.8265,0.4361,-0.0118,5.0,1.6094,real_estate,private
1,8.3737,0.4886,0.0202,11.0,2.3979,real_estate,state
1,5.0103,0.9099,0.025,14.0,2.6391,real_estate,private
1,8.7733,0.1848,0.1054,15.0,2.7081,manufacturing,private
0,8.8738,0.4385,0.0201,8.0,2.0794,real_estate,state
0,8.4888,0.4878,0.0316,12.0,2.4849,finance,private
0,6.2019,0.6142,-0.0278,5.0,1.6094,real_estate,state
0,6.5541,0.465,0.0303,7.0,1.9459,finance,state
0,10.3957,0.184,0.0229,11.0,2.3979,manufacturing,state
0,7.9288,0.4774,0.0849,9.0,2.1972,tech,private
1,9.2267,0.4165,-0.0363,13.0,2.5649,real_estate,private
0,8.051,0.7132,0.0213,4.0,1.3863,manufacturing,private
1,8.5536,0.3721,0.0676,4.0,1.3863,manufacturing,state
0,9.6889,0.8058,0.0597,4.0,1.3863,finance,private
0,7.5711,0.3875,0.1977,1.0,0.0,tech,state
0,8.173,0.4632,0.0771,2.0,0.6931,real_estate,private
0,7.1679,0.295,-0.0028,9.0,2.1972,manufacturing,private
0,7.7179,0.0838,0.0522,3.0,1.0986,tech,state
0,7.9435,0.1147,-0.0444,12.0,2.4849,finance,state
0,8.3998,0.6239,0.0466,11.0,2.3979,real_estate,private
1,7.6383,0.5432,-0.0091,1.0,0.0,real_estate,state
0,10.2604,0.1907,0.134,18.0,2.8904,manufacturing,private
0,6.8897,0.572,-0.0021,13.0,2.5649,finance,state
0,8.1636,0.2971,0.0443,3.0,1.0986,manufacturing,state
0,7.2085,0.579,0.0057,11.0,2.3979,tech,private
0,10.6046,0.7887,0.1591,9.0,2.1972,real_estate,private
0,8.3538,0.7334,0.0274,11.0,2.3979,real_estate,private
0,10.3573,0.3282,0.1731,5.0,1.6094,real_estate,state
0,5.826,0.2972,0.0816,1.0,0.0,tech,state
0,8.9807,0.05,0.0987,8.0,2.0794,tech,state
0,9.6013,0.4185,0.0902,12.0,2.4849,real_estate,private
0,8.1481,0.4893,0.0756,8.0,2.0794,finance,private
0,9.9179,0.363,-0.0372,5.0,1.6094,real_estate,private
0,7.0689,0.5954,0.0272,6.0,1.7918,real_estate,private
0,11.0368,0.3071,0.1192,16.0,2.7726,manufacturing,state
0,12.138,0.4272,0.0834,16.0,2.7726,real_estate,private
0,7.3469,0.438,-0.0312,10.0,2.3026,manufacturing,private
0,7.1981,0.583,0.039,4.0,1.3863,tech,private
0,11.1161,0.3674,0.1664,22.0,3.091,manufacturing,state
0,11.3432,0.0975,0.154,7.0,1.9459,tech,state
0,7.0589,0.8605,0.0275,12.0,2.4849,real_estate,private
0,7.7437,0.3758,0.0992,16.0,2.7726,finance,state
0,7.9928,0.4485,0.0245,12.0,2.4849,real_estate,state
1,6.08,0.5642,-0.0738,5.0,1.6094,manufacturing,state
0,6.3464,0.6197,-0.0188,4.0,1.3863,manufacturing,private
1,6.6925,0.5879,0.1174,14.0,2.6391,manufacturing,state
0,7.118,0.4608,0.0205,1.0,0.0,finance,state
0,8.4376,0.3267,0.0403,4.0,1.3863,real_estate,state
0,8.4216,0.5794,0.0334,8.0,2.0794,finance,private
0,10.7909,0.2499,0.1919,22.0,3.091,manufacturing,private
0,6.203,0.6026,0.1278,10.0,2.3026,manufacturing,private
0,9.7718,0.5311,0.1927,7.0,1.9459,real_estate,private
0,7.6148,0.5058,0.0393,7.0,1.9459,tech,private
0,8.411,0.3506,0.0673,6.0,1.7918,finance,state
0,9.7147,0.0704,-0.0124,7.0,1.9459,real_estate,state
1,6.4791,0.3964,0.1225,13.0,2.5649,real_estate,state
0,9.1883,0.3653,-0.0122,2.0,0.6931,manufacturing,state
0,8.7996,0.3885,0.0637,21.0,3.0445,tech,state
0,8.8864,0.3269,0.0023,17.0,2.8332,finance,private
1,8.5205,0.7317,0.0105,18.0,2.8904,manufacturing,private
0,12.4195,0.3087,0.0454,14.0,2.6391,real_estate,private
0,6.8521,0.7309,-0.0022,7.0,1.9459,manufacturing,private
0,7.5442,0.472,0.0076,1.0,0.0,tech,state
0,7.3783,0.2927,0.0142,5.0,1.6094,manufacturing,state
1,7.0001,0.8648,0.0757,12.0,2.4849,finance,private
0,6.8527,0.3595,-0.0138,16.0,2.7726,manufacturing,private
0,10.6402,0.4636,0.0733,6.0,1.7918,finance,state
0,10.5569,0.6251,0.1335,12.0,2.4849,finance,private
0,6.9727,0.4457,0.0172,7.0,1.9459,finance,private
0,6.5018,0.814,-0.0148,1.0,0.0,finance,private
0,8.8485,0.4616,0.0458,15.0,2.7081,tech,private
0,7.506,0.4494,0.1074,4.0,1.3863,manufacturing,state
0,9.6393,0.3805,0.0686,11.0,2.3979,manufacturing,state
0,8.3653,0.496,0.0235,8.0,2.0794,manufacturing,private
1,5.7717,0.5911,0.0487,1.0,0.0,tech,state
0,10.7855,0.5827,0.0035,14.0,2.6391,manufacturing,private
0,11.2326,0.1328,0.1299,13.0,2.5649,finance,private
0,7.397,0.6271,0.0541,6.0,1.7918,finance,state
0,7.3021,0.2655,0.0395,4.0,1.3863,manufacturing,private
0,8.5146,0.6919,-0.0021,13.0,2.5649,manufacturing,private
0,9.102,0.5454,-0.0049,22.0,3.091,manufacturing,state
0,9.1854,0.3671,0.0992,13.0,2.5649,real_estate,private
0,11.6184,0.3509,0.1541,22.0,3.091,manufacturing,private
0,7.6815,0.3497,0.0194,1.0,0.0,manufacturing,private
0,7.0631,0.3762,0.0661,9.0,2.1972,tech,state
1,5.5172,0.5516,-0.0884,1.0,0.0,tech,private
1,6.6843,0.7033,-0.0007,1.0,0.0,manufacturing,private
0,8.4404,0.5968,0.0374,5.0,1.6094,manufacturing,state
0,11.7302,0.5127,0.0136,23.0,3.1355,manufacturing,state
0,7.0683,0.4614,-0.0072,15.0,2.7081,finance,private
0,8.9028,0.322,0.0166,12.0,2.4849,tech,state
0,7.9704,0.2418,0.0798,1.0,0.0,manufacturing,private
0,10.1391,0.3275,0.0634,12.0,2.4849,manufacturing,private
0,12.5485,0.5592,-0.0485,19.0,2.9444,finance,private
1,7.5444,0.6761,-0.0927,10.0,2.3026,finance,state
0,7.119,0.3445,0.0174,1.0,0.0,manufacturing,private
0,10.3795,0.2119,0.0967,7.0,1.9459,finance,state
0,9.2274,0.4886,-0.0977,11.0,2.3979,manufacturing,private
0,11.3241,0.4784,0.0467,19.0,2.9444,manufacturing,private
0,9.0511,0.3595,0.0348,1.0,0.0,finance,private
1,7.3533,0.6222,0.1212,8.0,2.0794,tech,private
0,9.0632,0.4767,0.0404,12.0,2.4849,real_estate,private
0,10.4957,0.3076,0.0888,19.0,2.9444,tech,state
0,9.4769,0.6395,0.0661,17.0,2.8332,real_estate,private
0,8.9131,0.5037,-0.0651,15.0,2.7081,finance,private
0,10.42,0.2975,0.1136,8.0,2.0794,real_estate,state
0,10.6047,0.288,0.0808,1.0,0.0,tech,state
0,10.4879,0.4402,0.1007,11.0,2.3979,tech,private
0,9.6677,0.2714,0.23,18.0,2.8904,manufacturing,state
0,7.6992,0.4946,-0.0704,18.0,2.8904,tech,private
0,8.2641,0.7966,0.1389,15.0,2.7081,tech,private
0,10.6717,0.4012,0.0471,16.0,2.7726,finance,state
0,6.5295,0.5234,0.0566,10.0,2.3026,manufacturing,private
0,9.1636,0.4698,0.0474,8.0,2.0794,tech,state
0,7.292,0.4939,0.0223,8.0,2.0794,tech,private
0,8.0517,0.7299,0.0084,21.0,3.0445,manufacturing,private
0,10.3012,0.5244,0.0852,8.0,2.0794,tech,private
0,8.344,0.5013,-0.0336,21.0,3.0445,manufacturing,private
0,8.0836,0.6044,0.0904,8.0,2.0794,manufacturing,private
0,5.5523,0.3937,0.018,14.0,2.6391,real_estate,private
0,9.8433,0.1962,0.005,3.0,1.0986,real_estate,state
0,9.6619,0.1301,0.0432,15.0,2.7081,finance,state
0,11.8939,0.4377,0.1537,11.0,2.3979,manufacturing,private
1,7.446,0.8441,0.0009,1.0,0.0,tech,private
1,8.3945,0.9013,0.0564,12.0,2.4849,manufacturing,private
0,8.4489,0.6261,0.0067,17.0,2.8332,manufacturing,private
0,11.3394,0.3708,0.1134,9.0,2.1972,manufacturing,state
0,7.8285,0.2859,0.1022,1.0,0.0,real_estate,private
0,8.5022,0.4218,0.1649,10.0,2.3026,tech,private
0,9.5942,0.2019,0.0552,11.0,2.3979,finance,state
0,8.8359,0.2533,0.0962,14.0,2.6391,tech,state
0,7.1964,0.5252,0.0503,15.0,2.7081,manufacturing,private
0,8.8494,0.3385,0.1312,10.0,2.3026,real_estate,state
0,10.4325,0.05,0.0403,25.0,3.2189,real_estate,state
0,6.6523,0.6139,0.0716,9.0,2.1972,real_estate,state
0,8.2393,0.3386,0.0492,8.0,2.0794,manufacturing,private
1,6.7398,0.6089,0.0339,1.0,0.0,finance,private
0,10.1511,0.8816,0.0569,12.0,2.4849,real_estate,private
0,5.2583,0.4544,0.0489,3.0,1.0986,finance,private
0,7.4939,0.05,0.0548,14.0,2.6391,real_estate,state
0,8.679,0.4605,0.0703,14.0,2.6391,manufacturing,private
0,11.3179,0.4745,0.1557,7.0,1.9459,finance,state
0,8.3816,0.7098,0.0903,11.0,2.3979,manufacturing,state
0,7.0006,0.3489,0.1014,13.0,2.5649,tech,private
0,11.3861,0.5137,0.0481,25.0,3.2189,finance,private
0,5.8936,0.3683,-0.0192,12.0,2.4849,manufacturing,state
0,4.5421,0.4705,0.0728,9.0,2.1972,tech,state
0,8.792,0.95,0.0862,12.0,2.4849,real_estate,private
0,7.5963,0.139,0.1391,11.0,2.3979,manufacturing,state
0,6.6618,0.4687,-0.0021,15.0,2.7081,finance,state
0,9.775,0.4121,0.0437,3.0,1.0986,manufacturing,state
0,8.9388,0.5433,-0.0492,9.0,2.1972,tech,state
1,6.9847,0.5773,0.0182,3.0,1.0986,tech,private
0,6.1955,0.492,0.0857,9.0,2.1972,tech,state
0,10.0704,0.3156,0.0393,20.0,2.9957,real_estate,state
0,9.1704,0.6011,0.0945,8.0,2.0794,real_estate,private
0,7.8215,0.4764,0.0402,1.0,0.0,finance,private
0,11.8239,0.377,0.0915,13.0,2.5649,manufacturing,state
0,6.5738,0.4243,-0.0292,13.0,2.5649,real_estate,state
0,5.7541,0.5771,0.0291,9.0,2.1972,real_estate,state
0,6.7546,0.5623,-0.13,11.0,2.3979,manufacturing,private
0,7.9179,0.7858,0.0297,8.0,2.0794,real_estate,private
0,8.438,0.508,-0.0398,2.0,0.6931,tech,private
0,7.5658,0.2386,0.1297,12.0,2.4849,tech,private
0,8.6337,0.7277,0.0901,6.0,1.7918,manufacturing,private
0,5.7472,0.4421,0.0652,20.0,2.9957,manufacturing,private
0,10.5988,0.3398,0.1643,18.0,2.8904,manufacturing,private
0,8.3521,0.2722,-0.0012,6.0,1.7918,tech,state
0,10.0111,0.7057,0.1565,9.0,2.1972,manufacturing,private
0,9.1169,0.05,0.1256,10.0,2.3026,finance,state
0,9.3222,0.87,0.0186,10.0,2.3026,manufacturing,state
0,9.0256,0.6806,0.1156,19.0,2.9444,finance,private
0,9.3059,0.3842,-0.0087,12.0,2.4849,manufacturing,state
0,9.1569,0.4859,0.0126,7.0,1.9459,finance,private
0,10.3925,0.5073,0.0327,26.0,3.2581,manufacturing,private
0,8.3537,0.6089,0.0184,11.0,2.3979,finance,private
0,9.2762,0.6025,-0.0053,17.0,2.8332,manufacturing,private
0,8.3385,0.4702,0.1147,6.0,1.7918,finance,state
0,10.5922,0.4676,0.056,16.0,2.7726,tech,private
0,6.7825,0.5326,0.0617,10.0,2.3026,manufacturing,private
0,11.2417,0.4068,0.0454,3.0,1.0986,tech,private
0,7.9277,0.5587,-0.0539,23.0,3.1355,real_estate,private
0,5.9246,0.6419,0.0352,14.0,2.6391,manufacturing,state
1,8.2306,0.685,-0.0628,8.0,2.0794,real_estate,private
0,7.2741,0.05,0.059,1.0,0.0,manufacturing,state
0,9.5132,0.5972,-0.0213,15.0,2.7081,finance,private
0,7.3253,0.4387,0.1531,9.0,2.1972,finance,state
0,7.1969,0.5509,0.0959,11.0,2.3979,manufacturing,private
1,5.0988,0.4653,0.0308,6.0,1.7918,real_estate,state
0,7.6858,0.5874,0.1071,12.0,2.4849,tech,state
1,3.637,0.8236,-0.0425,13.0,2.5649,tech,private
1,5.149,0.5428,0.0636,9.0,2.1972,real_estate,private
0,9.3687,0.5588,0.0697,5.0,1.6094,tech,private
0,9.4144,0.3807,0.0846,21.0,3.0445,real_estate,private
0,8.7658,0.2701,0.1405,22.0,3.091,manufacturing,private
0,6.2594,0.4746,0.0826,27.0,3.2958,tech,private
0,8.4141,0.5807,0.0591,3.0,1.0986,real_estate,state
1,7.9935,0.7539,-0.0528,12.0,2.4849,real_estate,private
1,6.4149,0.5807,-0.0267,1.0,0.0,real_estate,state
0,10.7061,0.5733,0.0598,18.0,2.8904,tech,private
0,9.5793,0.5713,0.0645,9.0,2.1972,tech,private
0,7.6023,0.4918,-0.0133,22.0,3.091,real_estate,private
0,8.0484,0.6027,0.1858,5.0,1.6094,manufacturing,private
0,8.3751,0.7162,0.1341,1.0,0.0,real_estate,private
1,4.3249,0.8298,0.0481,1.0,0.0,real_estate,private
0,8.0551,0.5875,0.0411,1.0,0.0,manufacturing,state
1,6.7724,0.6884,0.022,13.0,2.5649,finance,private
1,6.6971,0.5444,-0.0226,1.0,0.0,real_estate,state
0,7.494,0.7289,0.0418,10.0,2.3026,manufacturing,private
0,11.7358,0.2684,0.092,2.0,0.6931,manufacturing,state
0,9.6535,0.184,-0.0049,10.0,2.3026,manufacturing,state
0,7.4719,0.3728,0.0619,19.0,2.9444,tech,state
0,9.0306,0.3712,0.0555,14.0,2.6391,manufacturing,private
